species,family,inatVerbatim,genus,inat_genus
Danaus plexippus,Nymphalidae,Danaus plexippus,Danaus,Danaus
Eurytides marcellus,Papilionidae,Eurytides marcellus,Eurytides,Eurytides
Asterocampa clyton,Nymphalidae,Asterocampa clyton,Asterocampa,Asterocampa
Polygonia interrogationis,Nymphalidae,Polygonia interrogationis,Polygonia,Polygonia
Plebejus melissa,Lycaenidae,Plebejus melissa,Plebejus,Plebejus
Junonia coenia,Nymphalidae,Junonia coenia,Junonia,Junonia
Limenitis arthemis,Nymphalidae,Limenitis arthemis astyanax,Limenitis,Limenitis
Callophrys irus,Lycaenidae,Callophrys irus,Callophrys,Callophrys
Lethe anthedon,Nymphalidae,Lethe anthedon,Lethe,Lethe
Papilio eurymedon,Papilionidae,Papilio eurymedon,Papilio,Papilio
Euptoieta claudia,Nymphalidae,Euptoieta claudia,Euptoieta,Euptoieta
Erynnis tristis,Hesperiidae,Erynnis tristis,Erynnis,Erynnis
Zerene cesonia,Pieridae,Zerene cesonia,Zerene,Zerene
Strymon melinus,Lycaenidae,Strymon melinus,Strymon,Strymon
Hylephila phyleus,Hesperiidae,Hylephila phyleus,Hylephila,Hylephila
Phoebis agarithe,Pieridae,Phoebis agarithe,Phoebis,Phoebis
Cupido comyntas,Lycaenidae,Cupido comyntas,Cupido,Cupido
Epargyreus clarus,Hesperiidae,Epargyreus clarus,Epargyreus,Epargyreus
Eurema daira,Pieridae,Eurema daira,Eurema,Eurema
Coenonympha tullia,Nymphalidae,Coenonympha california,Coenonympha,Coenonympha
Pholisora catullus,Hesperiidae,Pholisora catullus,Pholisora,Pholisora
Libytheana carinenta,Nymphalidae,Libytheana carinenta,Libytheana,Libytheana
Agraulis vanillae,Nymphalidae,Dione vanillae,Agraulis,Dione
Nathalis iole,Pieridae,Nathalis iole,Nathalis,Nathalis
Parnassius smintheus,Papilionidae,Parnassius smintheus,Parnassius,Parnassius
Vanessa atalanta,Nymphalidae,Vanessa atalanta,Vanessa,Vanessa
Polygonia comma,Nymphalidae,Polygonia comma,Polygonia,Polygonia
Copaeodes minima,Hesperiidae,Copaeodes minima,Copaeodes,Copaeodes
Lycaena phlaeas,Lycaenidae,Lycaena hypophlaeas,Lycaena,Lycaena
Papilio cresphontes,Papilionidae,Heraclides cresphontes,Papilio,Heraclides
Phyciodes tharos,Nymphalidae,Phyciodes tharos,Phyciodes,Phyciodes
Lerema accius,Hesperiidae,Lerema accius,Lerema,Lerema
Papilio glaucus,Papilionidae,Papilio glaucus,Papilio,Papilio
Celastrina neglecta,Lycaenidae,Celastrina neglecta,Celastrina,Celastrina
Limenitis archippus,Nymphalidae,Limenitis archippus,Limenitis,Limenitis
Battus philenor,Papilionidae,Battus philenor,Battus,Battus
Coenonympha tullia,Nymphalidae,Coenonympha california california,Coenonympha,Coenonympha
Euphydryas phaeton,Nymphalidae,Euphydryas phaeton,Euphydryas,Euphydryas
Euphyes vestris,Hesperiidae,Euphyes vestris,Euphyes,Euphyes
Limenitis lorquini,Nymphalidae,Limenitis lorquini,Limenitis,Limenitis
Euphydryas editha,Nymphalidae,Euphydryas editha,Euphydryas,Euphydryas
Nymphalis l-album,Nymphalidae,Nymphalis l-album,Nymphalis,Nymphalis
Colias eurytheme,Pieridae,Colias eurytheme,Colias,Colias
Vanessa virginiensis,Nymphalidae,Vanessa virginiensis,Vanessa,Vanessa
Limenitis arthemis,Nymphalidae,Limenitis arthemis,Limenitis,Limenitis
Danaus gilippus,Nymphalidae,Danaus gilippus,Danaus,Danaus
Speyeria cybele,Nymphalidae,Argynnis cybele,Speyeria,Argynnis
Pyrisitia lisa,Pieridae,Pyrisitia lisa,Pyrisitia,Pyrisitia
Atalopedes campestris,Hesperiidae,Atalopedes campestris,Atalopedes,Atalopedes
Pontia protodice,Pieridae,Pontia protodice,Pontia,Pontia
Anthanassa texana,Nymphalidae,Anthanassa texana,Anthanassa,Anthanassa
Asterocampa celtis,Nymphalidae,Asterocampa celtis,Asterocampa,Asterocampa
Thymelicus lineola,Hesperiidae,Thymelicus lineola,Thymelicus,Thymelicus
Mestra amymone,Nymphalidae,Mestra amymone,Mestra,Mestra
Eumaeus atala,Lycaenidae,Eumaeus atala,Eumaeus,Eumaeus
Poanes zabulon,Hesperiidae,Lon zabulon,Poanes,Lon
Callophrys gryneus,Lycaenidae,Callophrys gryneus,Callophrys,Callophrys
Poanes hobomok,Hesperiidae,Lon hobomok,Poanes,Lon
Boloria chariclea,Nymphalidae,Boloria chariclea,Boloria,Boloria
Phyciodes phaon,Nymphalidae,Phyciodes phaon,Phyciodes,Phyciodes
Nymphalis antiopa,Nymphalidae,Nymphalis antiopa,Nymphalis,Nymphalis
Papilio multicaudata,Papilionidae,Papilio multicaudata,Papilio,Papilio
Colias philodice,Pieridae,Colias philodice,Colias,Colias
Pyrgus communis,Hesperiidae,Burnsius communis,Pyrgus,Burnsius
Boloria epithore,Nymphalidae,Boloria epithore,Boloria,Boloria
Abaeis nicippe,Pieridae,Abaeis nicippe,Abaeis,Abaeis
Ascia monuste,Pieridae,Ascia monuste,Ascia,Ascia
Pieris oleracea,Pieridae,Pieris oleracea,Pieris,Pieris
Papilio troilus,Papilionidae,Papilio troilus,Papilio,Papilio
Anthocharis midea,Pieridae,Anthocharis midea,Anthocharis,Anthocharis
Celastrina echo,Lycaenidae,Celastrina echo,Celastrina,Celastrina
Pompeius verna,Hesperiidae,Vernia verna,Pompeius,Vernia
Battus polydamas,Papilionidae,Battus polydamas,Battus,Battus
Pieris rapae,Pieridae,Pieris rapae,Pieris,Pieris
Parnassius clodius,Papilionidae,Parnassius clodius,Parnassius,Parnassius
Celastrina ladon,Lycaenidae,Celastrina ladon,Celastrina,Celastrina
Brephidium exilis,Lycaenidae,Brephidium exilis,Brephidium,Brephidium
Pyrisitia proterpia,Pieridae,Pyrisitia proterpia,Pyrisitia,Pyrisitia
Parrhasius m-album,Lycaenidae,Parrhasius m-album,Parrhasius,Parrhasius
Echinargus isola,Lycaenidae,Echinargus isola,Echinargus,Echinargus
Speyeria callippe,Nymphalidae,Argynnis callippe,Speyeria,Argynnis
Vanessa cardui,Nymphalidae,Vanessa cardui,Vanessa,Vanessa
Polygonia faunus,Nymphalidae,Polygonia faunus,Polygonia,Polygonia
Papilio zelicaon,Papilionidae,Papilio zelicaon,Papilio,Papilio
Lerodea eufala,Hesperiidae,Lerodea eufala,Lerodea,Lerodea
Pontia occidentalis,Pieridae,Pontia occidentalis,Pontia,Pontia
Limenitis arthemis,Nymphalidae,Limenitis arthemis arthemis,Limenitis,Limenitis
Pyrgus oileus,Hesperiidae,Burnsius oileus,Pyrgus,Burnsius
Nymphalis californica,Nymphalidae,Nymphalis californica,Nymphalis,Nymphalis
Calycopis cecrops,Lycaenidae,Calycopis cecrops,Calycopis,Calycopis
Ochlodes sylvanoides,Hesperiidae,Ochlodes sylvanoides,Ochlodes,Ochlodes
Lycaena heteronea,Lycaenidae,Tharsalea heteronea,Lycaena,Tharsalea
Polygonia satyrus,Nymphalidae,Polygonia satyrus,Polygonia,Polygonia
Lethe eurydice,Nymphalidae,Lethe appalachia,Lethe,Lethe
Hesperia juba,Hesperiidae,Hesperia juba,Hesperia,Hesperia
Callophrys niphon,Lycaenidae,Callophrys niphon,Callophrys,Callophrys
Papilio rutulus,Papilionidae,Papilio rutulus,Papilio,Papilio
Strymon istapa,Lycaenidae,Strymon istapa,Strymon,Strymon
Anaea aidea,Nymphalidae,Anaea aidea,Anaea,Anaea
Anartia jatrophae,Nymphalidae,Anartia jatrophae,Anartia,Anartia
Speyeria aphrodite,Nymphalidae,Argynnis aphrodite,Speyeria,Argynnis
Phoebis sennae,Pieridae,Phoebis sennae,Phoebis,Phoebis
Erynnis horatius,Hesperiidae,Erynnis horatius,Erynnis,Erynnis
Panoquina ocola,Hesperiidae,Panoquina ocola,Panoquina,Panoquina
Erynnis juvenalis,Hesperiidae,Erynnis juvenalis,Erynnis,Erynnis
Erynnis brizo,Hesperiidae,Erynnis brizo,Erynnis,Erynnis
Polites mystic,Hesperiidae,Polites mystic,Polites,Polites
Euphydryas chalcedona,Nymphalidae,Euphydryas chalcedona,Euphydryas,Euphydryas
Dryas iulia,Nymphalidae,Dryas iulia,Dryas,Dryas
Apodemia mormo,Riodinidae,Apodemia mormo,Apodemia,Apodemia
Nastra lherminier,Hesperiidae,Nastra lherminier,Nastra,Nastra
Limenitis arthemis,Nymphalidae,Limenitis arthemis rubrofasciata,Limenitis,Limenitis
Leptotes marina,Lycaenidae,Leptotes marina,Leptotes,Leptotes
Urbanus proteus,Hesperiidae,Urbanus proteus,Urbanus,Urbanus
Cercyonis pegala,Nymphalidae,Cercyonis pegala,Cercyonis,Cercyonis
Myscelia ethusa,Nymphalidae,Myscelia ethusa,Myscelia,Myscelia
Glaucopsyche lygdamus,Lycaenidae,Glaucopsyche lygdamus,Glaucopsyche,Glaucopsyche
Megisto cymela,Nymphalidae,Megisto cymela,Megisto,Megisto
Papilio palamedes,Papilionidae,Papilio palamedes,Papilio,Papilio
Plebejus acmon,Lycaenidae,Icaricia acmon,Plebejus,Icaricia
Chlosyne lacinia,Nymphalidae,Chlosyne lacinia,Chlosyne,Chlosyne
Hemiargus ceraunus,Lycaenidae,Hemiargus ceraunus,Hemiargus,Hemiargus
Leptotes cassius,Lycaenidae,Leptotes cassius,Leptotes,Leptotes
Satyrium favonius,Lycaenidae,Satyrium favonius,Satyrium,Satyrium
Chioides albofasciatus,Hesperiidae,Chioides albofasciatus,Chioides,Chioides
Polites sabuleti,Hesperiidae,Polites draco,Polites,Polites
Systasea zampa,Hesperiidae,Systasea zampa,Systasea,Systasea
Oeneis jutta,Nymphalidae,Oeneis jutta reducta,Oeneis,Oeneis
Phyciodes graphica,Nymphalidae,Phyciodes graphica,Phyciodes,Phyciodes
Adelpha californica,Nymphalidae,Adelpha californica,Adelpha,Adelpha
Plebejus icarioides,Lycaenidae,Icaricia icarioides,Plebejus,Icaricia
Phyciodes cocyta,Nymphalidae,Phyciodes cocyta,Phyciodes,Phyciodes
Carterocephalus palaemon,Hesperiidae,Carterocephalus mandan,Carterocephalus,Carterocephalus
Asterocampa leilia,Nymphalidae,Asterocampa leilia,Asterocampa,Asterocampa
Lycaena hyllus,Lycaenidae,Tharsalea hyllus,Lycaena,Tharsalea
Satyrium calanus,Lycaenidae,Satyrium calanus,Satyrium,Satyrium
Chlosyne theona,Nymphalidae,Chlosyne theona,Chlosyne,Chlosyne
Chlosyne nycteis,Nymphalidae,Chlosyne nycteis,Chlosyne,Chlosyne
Papilio canadensis,Papilionidae,Papilio canadensis,Papilio,Papilio
Staphylus ceos,Hesperiidae,Staphylus ceos,Staphylus,Staphylus
Thorybes pylades,Hesperiidae,Thorybes pylades,Thorybes,Thorybes
Anthocharis sara,Pieridae,Anthocharis sara,Anthocharis,Anthocharis
Heliconius charithonia,Nymphalidae,Heliconius charithonia,Heliconius,Heliconius
Chlosyne gorgone,Nymphalidae,Chlosyne gorgone,Chlosyne,Chlosyne
Boloria bellona,Nymphalidae,Boloria bellona,Boloria,Boloria
Satyrium titus,Lycaenidae,Satyrium titus,Satyrium,Satyrium
Callophrys augustinus,Lycaenidae,Callophrys augustinus,Callophrys,Callophrys
Urbanus procne,Hesperiidae,Spicauda procne,Urbanus,Spicauda
Anatrytone logan,Hesperiidae,Anatrytone logan,Anatrytone,Anatrytone
Plebejus idas,Lycaenidae,Plebejus idas,Plebejus,Plebejus
Aglais milberti,Nymphalidae,Aglais milberti,Aglais,Aglais
Junonia genoveva,Nymphalidae,Junonia neildi,Junonia,Junonia
Celastrina lucia,Lycaenidae,Celastrina lucia,Celastrina,Celastrina
Ministrymon leda,Lycaenidae,Ministrymon leda,Ministrymon,Ministrymon
Polygonia progne,Nymphalidae,Polygonia progne,Polygonia,Polygonia
Erebia epipsodea,Nymphalidae,Erebia epipsodea,Erebia,Erebia
Marpesia petreus,Nymphalidae,Marpesia petreus,Marpesia,Marpesia
Papilio rumiko,Papilionidae,Heraclides rumiko,Papilio,Heraclides
Poanes melane,Hesperiidae,Lon melane,Poanes,Lon
Colias alexandra,Pieridae,Colias alexandra,Colias,Colias
Cercyonis sthenele,Nymphalidae,Cercyonis sthenele,Cercyonis,Cercyonis
Limenitis weidemeyerii,Nymphalidae,Limenitis weidemeyerii,Limenitis,Limenitis
Euptoieta hegesia,Nymphalidae,Euptoieta hegesia,Euptoieta,Euptoieta
Satyrium favonius,Lycaenidae,Satyrium favonius favonius,Satyrium,Satyrium
Polites sabuleti,Hesperiidae,Polites sabuleti,Polites,Polites
Polites themistocles,Hesperiidae,Polites themistocles,Polites,Polites
Callophrys polios,Lycaenidae,Callophrys polios,Callophrys,Callophrys
Erynnis funeralis,Hesperiidae,Erynnis funeralis,Erynnis,Erynnis
Erynnis baptisiae,Hesperiidae,Erynnis baptisiae,Erynnis,Erynnis
Lycaena helloides,Lycaenidae,Tharsalea helloides,Lycaena,Tharsalea
Calycopis isobeon,Lycaenidae,Calycopis isobeon,Calycopis,Calycopis
Boloria selene,Nymphalidae,Boloria myrina,Boloria,Boloria
Ancyloxypha numitor,Hesperiidae,Ancyloxypha numitor,Ancyloxypha,Ancyloxypha
Poanes viator,Hesperiidae,Poanes viator,Poanes,Poanes
Danaus gilippus,Nymphalidae,Danaus gilippus berenice,Danaus,Danaus
Polites vibex,Hesperiidae,Polites vibex,Polites,Polites
Atlides halesus,Lycaenidae,Atlides halesus,Atlides,Atlides
Anaea andria,Nymphalidae,Anaea andria,Anaea,Anaea
Amblyscirtes celia,Hesperiidae,Amblyscirtes celia,Amblyscirtes,Amblyscirtes
Speyeria mormonia,Nymphalidae,Argynnis mormonia,Speyeria,Argynnis
Systasea pulverulenta,Hesperiidae,Systasea pulverulenta,Systasea,Systasea
Lycaena epixanthe,Lycaenidae,Tharsalea epixanthe epixanthe,Lycaena,Tharsalea
Heliopetes laviana,Hesperiidae,Heliopetes laviana,Heliopetes,Heliopetes
Phoebis philea,Pieridae,Phoebis philea,Phoebis,Phoebis
Lycaena editha,Lycaenidae,Tharsalea editha,Lycaena,Tharsalea
Calpodes ethlius,Hesperiidae,Calpodes ethlius,Calpodes,Calpodes
Eurema mexicana,Pieridae,Abaeis mexicana,Eurema,Abaeis
Phyciodes pulchella,Nymphalidae,Phyciodes pulchella,Phyciodes,Phyciodes
Satyrium edwardsii,Lycaenidae,Satyrium edwardsii,Satyrium,Satyrium
Plebejus saepiolus,Lycaenidae,Icaricia saepiolus,Plebejus,Icaricia
Euchloe ausonides,Pieridae,Euchloe ausonides,Euchloe,Euchloe
Oeneis bore,Nymphalidae,Oeneis bore,Oeneis,Oeneis
Eurema boisduvaliana,Pieridae,Abaeis boisduvaliana,Eurema,Abaeis
Oeneis chryxus,Nymphalidae,Oeneis chryxus stanislaus,Oeneis,Oeneis
Hesperia sassacus,Hesperiidae,Hesperia sassacus,Hesperia,Hesperia
Lycaena mariposa,Lycaenidae,Tharsalea mariposa,Lycaena,Tharsalea
Battus philenor,Papilionidae,Battus philenor hirsuta,Battus,Battus
Cyllopsis gemma,Nymphalidae,Cyllopsis gemma,Cyllopsis,Cyllopsis
Satyrium liparops,Lycaenidae,Satyrium liparops,Satyrium,Satyrium
Satyrium behrii,Lycaenidae,Satyrium behrii,Satyrium,Satyrium
Pyrgus ruralis,Hesperiidae,Pyrgus ruralis,Pyrgus,Pyrgus
Amblyscirtes vialis,Hesperiidae,Amblyscirtes vialis,Amblyscirtes,Amblyscirtes
Lethe creola,Nymphalidae,Lethe creola,Lethe,Lethe
Eantis tamenund,Hesperiidae,Eantis tamenund,Eantis,Eantis
Melanis pixe,Lycaenidae,Melanis pixe,Melanis,Melanis
Erynnis icelus,Hesperiidae,Erynnis icelus,Erynnis,Erynnis
Copaeodes aurantiaca,Hesperiidae,Copaeodes aurantiaca,Copaeodes,Copaeodes
Papilio brevicauda,Papilionidae,Papilio brevicauda,Papilio,Papilio
Satyrium californica,Lycaenidae,Satyrium californica,Satyrium,Satyrium
Poanes massasoit,Hesperiidae,Poanes massasoit,Poanes,Poanes
Colias christina,Pieridae,Colias christina,Colias,Colias
Phocides polybius,Hesperiidae,Phocides lilea,Phocides,Phocides
Plebejus lupini,Lycaenidae,Icaricia lupini monticola,Plebejus,Icaricia
Speyeria hydaspe,Nymphalidae,Argynnis hydaspe,Speyeria,Argynnis
Quasimellana eulogius,Hesperiidae,Quasimellana eulogius,Quasimellana,Quasimellana
Thorybes bathyllus,Hesperiidae,Thorybes bathyllus,Thorybes,Thorybes
Chlosyne acastus,Nymphalidae,Chlosyne acastus,Chlosyne,Chlosyne
Lycaena dione,Lycaenidae,Tharsalea dione,Lycaena,Tharsalea
Chlosyne palla,Nymphalidae,Chlosyne palla,Chlosyne,Chlosyne
Callophrys eryphon,Lycaenidae,Callophrys eryphon,Callophrys,Callophrys
Lethe eurydice,Nymphalidae,Lethe eurydice,Lethe,Lethe
Pieris virginiensis,Pieridae,Pieris virginiensis,Pieris,Pieris
Lycaena dorcas,Lycaenidae,Tharsalea dorcas florus,Lycaena,Tharsalea
Chlosyne harrisii,Nymphalidae,Chlosyne harrisii,Chlosyne,Chlosyne
Megisto rubricata,Nymphalidae,Cissia rubricata,Megisto,Cissia
Kricogonia lyside,Pieridae,Kricogonia lyside,Kricogonia,Kricogonia
Lycaena epixanthe,Lycaenidae,Tharsalea epixanthe,Lycaena,Tharsalea
Polygonia gracilis,Nymphalidae,Polygonia gracilis,Polygonia,Polygonia
Callophrys sheridanii,Lycaenidae,Callophrys sheridanii lemberti,Callophrys,Callophrys
Amblyscirtes hegon,Hesperiidae,Amblyscirtes hegon,Amblyscirtes,Amblyscirtes
Wallengrenia otho,Hesperiidae,Polites otho,Wallengrenia,Polites
Celastrina echo,Lycaenidae,Celastrina echo cinerea,Celastrina,Celastrina
Strymon bazochii,Lycaenidae,Strymon bazochii,Strymon,Strymon
Callophrys sheridanii,Lycaenidae,Callophrys sheridanii,Callophrys,Callophrys
Neophasia menapia,Pieridae,Neophasia menapia,Neophasia,Neophasia
Chlosyne janais,Nymphalidae,Chlosyne janais,Chlosyne,Chlosyne
Danaus eresimus,Nymphalidae,Danaus eresimus,Danaus,Danaus
Colias interior,Pieridae,Colias interior,Colias,Colias
Callophrys henrici,Lycaenidae,Callophrys henrici,Callophrys,Callophrys
Feniseca tarquinius,Lycaenidae,Feniseca tarquinius,Feniseca,Feniseca
Speyeria cybele,Nymphalidae,Argynnis cybele krautwurmi,Speyeria,Argynnis
Limenitis archippus,Nymphalidae,Limenitis archippus floridensis,Limenitis,Limenitis
Colias gigantea,Pieridae,Colias gigantea,Colias,Colias
Satyrium favonius,Lycaenidae,Satyrium favonius violae,Satyrium,Satyrium
Limenitis lorquini,Nymphalidae,Limenitis lorquini pallidafacies,Limenitis,Limenitis
Carterocephalus palaemon,Hesperiidae,Carterocephalus skada,Carterocephalus,Carterocephalus
Celastrina neglectamajor,Lycaenidae,Celastrina neglectamajor,Celastrina,Celastrina
Speyeria mormonia,Nymphalidae,Argynnis mormonia eurynome,Speyeria,Argynnis
Pyrisitia nise,Pieridae,Pyrisitia nise,Pyrisitia,Pyrisitia
Panoquina panoquin,Hesperiidae,Panoquina panoquin,Panoquina,Panoquina
Urbanus dorantes,Hesperiidae,Thorybes dorantes,Urbanus,Thorybes
Euphydryas anicia,Nymphalidae,Euphydryas anicia,Euphydryas,Euphydryas
Staphylus mazans,Hesperiidae,Staphylus mazans,Staphylus,Staphylus
Boloria chariclea,Nymphalidae,Boloria chariclea montinus,Boloria,Boloria
Callophrys gryneus,Lycaenidae,Callophrys gryneus plicataria,Callophrys,Callophrys
Limenitis archippus,Nymphalidae,Limenitis archippus watsoni,Limenitis,Limenitis
Cercyonis oetus,Nymphalidae,Cercyonis oetus,Cercyonis,Cercyonis
Parnassius clodius,Papilionidae,Parnassius clodius menetriesii,Parnassius,Parnassius
Satyrium sylvinus,Lycaenidae,Satyrium sylvinus,Satyrium,Satyrium
Parnassius smintheus,Papilionidae,Parnassius smintheus sternitzkyi,Parnassius,Parnassius
Erynnis zarucco,Hesperiidae,Erynnis zarucco,Erynnis,Erynnis
Atalopedes campestris,Hesperiidae,Atalopedes campestris huron,Atalopedes,Atalopedes
Euphilotes battoides,Lycaenidae,Euphilotes glaucon,Euphilotes,Euphilotes
Euchloe olympia,Pieridae,Euchloe olympia,Euchloe,Euchloe
Euphydryas chalcedona,Nymphalidae,Euphydryas chalcedona chalcedona,Euphydryas,Euphydryas
Polygonia gracilis,Nymphalidae,Polygonia gracilis zephyrus,Polygonia,Polygonia
Euphydryas chalcedona,Nymphalidae,Euphydryas chalcedona hennei,Euphydryas,Euphydryas
Epargyreus clarus,Hesperiidae,Epargyreus clarus clarus,Epargyreus,Epargyreus
Lycaena nivalis,Lycaenidae,Tharsalea nivalis,Lycaena,Tharsalea
Oeneis chryxus,Nymphalidae,Oeneis chryxus,Oeneis,Oeneis
Euphyes conspicua,Hesperiidae,Euphyes conspicua,Euphyes,Euphyes
Erynnis persius,Hesperiidae,Erynnis persius,Erynnis,Erynnis
Boloria chariclea,Nymphalidae,Boloria chariclea grandis,Boloria,Boloria
Satyrium favonius,Lycaenidae,Satyrium favonius ontario,Satyrium,Satyrium
Texola elada,Nymphalidae,Texola elada,Texola,Texola
Plebejus lupini,Lycaenidae,Icaricia lupini,Plebejus,Icaricia
Papilio indra,Papilionidae,Papilio indra,Papilio,Papilio
Ganyra josephina,Pieridae,Ganyra josephina,Ganyra,Ganyra
Caria ino,Riodinidae,Caria ino,Caria,Caria
Hesperia leonardus,Hesperiidae,Hesperia leonardus pawnee,Hesperia,Hesperia
Cercyonis sthenele,Nymphalidae,Cercyonis sthenele hypoleuca,Cercyonis,Cercyonis
Achalarus lyciades,Hesperiidae,Thorybes lyciades,Achalarus,Thorybes
Plebejus icarioides,Lycaenidae,Icaricia icarioides missionensis,Plebejus,Icaricia
Asterocampa clyton,Nymphalidae,Asterocampa clyton louisa,Asterocampa,Asterocampa
Erynnis propertius,Hesperiidae,Erynnis propertius,Erynnis,Erynnis
Papilio machaon,Papilionidae,Papilio machaon,Papilio,Papilio
Pieris marginalis,Pieridae,Pieris marginalis,Pieris,Pieris
Limenitis lorquini,Nymphalidae,Limenitis lorquini powelli,Limenitis,Limenitis
Poanes taxiles,Hesperiidae,Lon taxiles,Poanes,Lon
Limenitis weidemeyerii,Nymphalidae,Limenitis weidemeyerii nevadae,Limenitis,Limenitis
Anthanassa tulcis,Nymphalidae,Anthanassa tulcis,Anthanassa,Anthanassa
Hesperia comma,Hesperiidae,Hesperia comma,Hesperia,Hesperia
Pontia beckerii,Pieridae,Pontia beckerii,Pontia,Pontia
Ganyra josephina,Pieridae,Ganyra josephina josepha,Ganyra,Ganyra
Papilio palamedes,Papilionidae,Papilio palamedes palamedes,Papilio,Papilio
Speyeria aphrodite,Nymphalidae,Argynnis aphrodite manitoba,Speyeria,Argynnis
Amblyscirtes aesculapius,Hesperiidae,Amblyscirtes aesculapius,Amblyscirtes,Amblyscirtes
Problema byssus,Hesperiidae,Problema byssus,Problema,Problema
Dymasia dymas,Nymphalidae,Dymasia dymas,Dymasia,Dymasia
Ministrymon clytie,Lycaenidae,Ministrymon clytie,Ministrymon,Ministrymon
Speyeria cybele,Nymphalidae,Argynnis cybele letona,Speyeria,Argynnis
Lycaena mariposa,Lycaenidae,Tharsalea mariposa charlottensis,Lycaena,Tharsalea
Anthocharis sara,Pieridae,Anthocharis sara sara,Anthocharis,Anthocharis
Hermeuptychia hermybius,Nymphalidae,Hermeuptychia hermybius,Hermeuptychia,Hermeuptychia
Speyeria cybele,Nymphalidae,Argynnis cybele leto,Speyeria,Argynnis
Oeneis jutta,Nymphalidae,Oeneis jutta,Oeneis,Oeneis
Lycaena dorcas,Lycaenidae,Tharsalea dorcas,Lycaena,Tharsalea
Euphyes dion,Hesperiidae,Euphyes dion,Euphyes,Euphyes
Callophrys gryneus,Lycaenidae,Callophrys gryneus nelsoni,Callophrys,Callophrys
Hesperia leonardus,Hesperiidae,Hesperia leonardus,Hesperia,Hesperia
Polygonia oreas,Nymphalidae,Polygonia oreas,Polygonia,Polygonia
Phyciodes pulchella,Nymphalidae,Phyciodes pulchella montana,Phyciodes,Phyciodes
Pyrgus ruralis,Hesperiidae,Pyrgus xanthus,Pyrgus,Pyrgus
Wallengrenia otho,Hesperiidae,Polites otho otho,Wallengrenia,Polites
Phyciodes pulchella,Nymphalidae,Phyciodes pulchella camillus,Phyciodes,Phyciodes
Lycaena phlaeas,Lycaenidae,Lycaena hypophlaeas hypophlaeas,Lycaena,Lycaena
Satyrium calanus,Lycaenidae,Satyrium calanus godarti,Satyrium,Satyrium
Danaus eresimus,Nymphalidae,Danaus eresimus tethys,Danaus,Danaus
Aglais milberti,Nymphalidae,Aglais milberti viola,Aglais,Aglais
Ochlodes sylvanoides,Hesperiidae,Ochlodes yuma,Ochlodes,Ochlodes
Phyciodes tharos,Nymphalidae,Phyciodes tharos orantain,Phyciodes,Phyciodes
Hesperia comma,Hesperiidae,Hesperia colorado,Hesperia,Hesperia
Oligoria maculata,Hesperiidae,Oligoria maculata,Oligoria,Oligoria
Cogia hippalus,Hesperiidae,Cogia hippalus,Cogia,Cogia
Heliopetes macaira,Hesperiidae,Heliopetes macaira,Heliopetes,Heliopetes
Euphydryas chalcedona,Nymphalidae,Euphydryas chalcedona klotsi,Euphydryas,Euphydryas
Junonia coenia,Nymphalidae,Junonia coenia coenia,Junonia,Junonia
Callophrys gryneus,Lycaenidae,Callophrys gryneus sweadneri,Callophrys,Callophrys
Vanessa atalanta,Nymphalidae,Vanessa atalanta rubria,Vanessa,Vanessa
Pontia sisymbrii,Pieridae,Pontia sisymbrii,Pontia,Pontia
Limenitis arthemis,Nymphalidae,Limenitis arthemis arizonensis,Limenitis,Limenitis
Speyeria zerene,Nymphalidae,Argynnis zerene zerene,Speyeria,Argynnis
Polygonia oreas,Nymphalidae,Polygonia oreas oreas,Polygonia,Polygonia
Plebejus icarioides,Lycaenidae,Icaricia icarioides fenderi,Plebejus,Icaricia
Boloria freija,Nymphalidae,Boloria freija,Boloria,Boloria
Erynnis pacuvius,Hesperiidae,Erynnis pacuvius,Erynnis,Erynnis
Lycaena dorcas,Lycaenidae,Tharsalea dorcas dorcas,Lycaena,Tharsalea
Coenonympha tullia,Nymphalidae,Coenonympha california inornata,Coenonympha,Coenonympha
Speyeria zerene,Nymphalidae,Argynnis zerene behrensii,Speyeria,Argynnis
Colias philodice,Pieridae,Colias philodice vitabunda,Colias,Colias
Euphydryas anicia,Nymphalidae,Euphydryas anicia brucei,Euphydryas,Euphydryas
Speyeria zerene,Nymphalidae,Argynnis zerene picta,Speyeria,Argynnis
Colias palaeno,Pieridae,Colias palaeno chippewa,Colias,Colias
Pyrgus centaureae,Hesperiidae,Pyrgus centaureae,Pyrgus,Pyrgus
Speyeria zerene,Nymphalidae,Argynnis zerene,Speyeria,Argynnis
Callophrys gryneus,Lycaenidae,Callophrys gryneus gryneus,Callophrys,Callophrys
Chiomara georgina,Hesperiidae,Chiomara georgina,Chiomara,Chiomara
Papilio machaon,Papilionidae,Papilio machaon bairdii,Papilio,Papilio
Pieris marginalis,Pieridae,Pieris marginalis venosa,Pieris,Pieris
Polites origenes,Hesperiidae,Polites origenes,Polites,Polites
Cercyonis pegala,Nymphalidae,Cercyonis pegala walkerensis,Cercyonis,Cercyonis
Oarisma garita,Hesperiidae,Oarisma garita,Oarisma,Oarisma
Speyeria hydaspe,Nymphalidae,Argynnis hydaspe viridicornis,Speyeria,Argynnis
Speyeria callippe,Nymphalidae,Argynnis callippe macaria,Speyeria,Argynnis
Speyeria callippe,Nymphalidae,Argynnis callippe callippe,Speyeria,Argynnis
Plebejus glandon,Lycaenidae,Agriades glandon,Plebejus,Agriades
Danaus gilippus,Nymphalidae,Danaus gilippus thersippus,Danaus,Danaus
Euphydryas editha,Nymphalidae,Euphydryas editha bayensis,Euphydryas,Euphydryas
Asterocampa clyton,Nymphalidae,Asterocampa clyton clyton,Asterocampa,Asterocampa
Plebejus idas,Lycaenidae,Plebejus idas scudderii,Plebejus,Plebejus
Parnassius clodius,Papilionidae,Parnassius clodius claudianus,Parnassius,Parnassius
Anthocharis sara,Pieridae,Anthocharis thoosa inghami,Anthocharis,Anthocharis
Anthocharis sara,Pieridae,Anthocharis thoosa,Anthocharis,Anthocharis
Cogia calchas,Hesperiidae,Cogia calchas,Cogia,Cogia
Autochton cellus,Hesperiidae,Telegonus cellus,Autochton,Telegonus
Phyciodes batesii,Nymphalidae,Phyciodes batesii lakota,Phyciodes,Phyciodes
Speyeria zerene,Nymphalidae,Argynnis zerene platina,Speyeria,Argynnis
Nastra julia,Hesperiidae,Nastra julia,Nastra,Nastra
Speyeria cybele,Nymphalidae,Argynnis cybele cybele,Speyeria,Argynnis
Staphylus mazans,Hesperiidae,Staphylus hayhurstii,Staphylus,Staphylus
Boloria eunomia,Nymphalidae,Boloria eunomia,Boloria,Boloria
Boloria chariclea,Nymphalidae,Boloria chariclea butleri,Boloria,Boloria
Callophrys lanoraieensis,Lycaenidae,Callophrys lanoraieensis,Callophrys,Callophrys
Hesperia comma,Hesperiidae,Hesperia comma hulbirti,Hesperia,Hesperia
Phoebis agarithe,Pieridae,Phoebis agarithe fisheri,Phoebis,Phoebis
Pieris angelika,Pieridae,Pieris angelika,Pieris,Pieris
Limenitis lorquini,Nymphalidae,Limenitis lorquini ilgae,Limenitis,Limenitis
Speyeria zerene,Nymphalidae,Argynnis zerene monticola,Speyeria,Argynnis
Boloria frigga,Nymphalidae,Boloria frigga,Boloria,Boloria
Atrytonopsis hianna,Hesperiidae,Atrytonopsis hianna,Atrytonopsis,Atrytonopsis
Cercyonis sthenele,Nymphalidae,Cercyonis sthenele behrii,Cercyonis,Cercyonis
Dryas iulia,Nymphalidae,Dryas iulia largo,Dryas,Dryas
Lycaena dospassosi,Lycaenidae,Tharsalea dospassosi,Lycaena,Tharsalea
Limenitis archippus,Nymphalidae,Limenitis archippus obsoleta,Limenitis,Limenitis
Cercyonis pegala,Nymphalidae,Cercyonis pegala paucilineatus,Cercyonis,Cercyonis
Apodemia mormo,Riodinidae,Apodemia mormo autumnalis,Apodemia,Apodemia
Callophrys gryneus,Lycaenidae,Callophrys gryneus chalcosiva,Callophrys,Callophrys
Chlorostrymon simaethis,Lycaenidae,Chlorostrymon simaethis,Chlorostrymon,Chlorostrymon
Junonia evarete,Nymphalidae,Junonia zonalis,Junonia,Junonia
Asterocampa celtis,Nymphalidae,Asterocampa celtis celtis,Asterocampa,Asterocampa
Papilio troilus,Papilionidae,Papilio troilus troilus,Papilio,Papilio
Euphyes bimacula,Hesperiidae,Euphyes bimacula,Euphyes,Euphyes
Plebejus icarioides,Lycaenidae,Icaricia icarioides lycea,Plebejus,Icaricia
Megisto cymela,Nymphalidae,Megisto cymela viola,Megisto,Megisto
Urbanus proteus,Hesperiidae,Urbanus proteus proteus,Urbanus,Urbanus
Plebejus idas,Lycaenidae,Plebejus idas empetri,Plebejus,Plebejus
Junonia evarete,Nymphalidae,Junonia nigrosuffusa,Junonia,Junonia
Papilio machaon,Papilionidae,Papilio machaon hudsonianus,Papilio,Papilio
Speyeria callippe,Nymphalidae,Argynnis callippe meadii,Speyeria,Argynnis
Hesperia colorado,Hesperiidae,Hesperia colorado dodgei,Hesperia,Hesperia
Plebejus idas,Lycaenidae,Plebejus idas atrapraetextus,Plebejus,Plebejus
Speyeria zerene,Nymphalidae,Argynnis zerene bremnerii,Speyeria,Argynnis
Erynnis lucilius,Hesperiidae,Erynnis lucilius,Erynnis,Erynnis
Lycaena heteronea,Lycaenidae,Tharsalea heteronea klotsi,Lycaena,Tharsalea
Polites mystic,Hesperiidae,Polites sonora,Polites,Polites
Asterocampa clyton,Nymphalidae,Asterocampa clyton texana,Asterocampa,Asterocampa
Lethe eurydice,Nymphalidae,Lethe appalachia leeuwi,Lethe,Lethe
Hesperia comma,Hesperiidae,Hesperia colorado oregonia,Hesperia,Hesperia
Euchloe lotta,Pieridae,Euchloe lotta,Euchloe,Euchloe
Speyeria cybele,Nymphalidae,Argynnis cybele pseudocarpenteri,Speyeria,Argynnis
Euchloe ausonides,Pieridae,Euchloe ausonides coloradensis,Euchloe,Euchloe
Boloria selene,Nymphalidae,Boloria myrina nebraskensis,Boloria,Boloria
Celastrina echo,Lycaenidae,Celastrina echo sidara,Celastrina,Celastrina
Glaucopsyche lygdamus,Lycaenidae,Glaucopsyche lygdamus columbia,Glaucopsyche,Glaucopsyche
Coenonympha tullia,Nymphalidae,Coenonympha california ampelos,Coenonympha,Coenonympha
Oeneis jutta,Nymphalidae,Oeneis jutta ridingiana,Oeneis,Oeneis
Atlides halesus,Lycaenidae,Atlides halesus corcorani,Atlides,Atlides
Plebejus glandon,Lycaenidae,Agriades glandon rustica,Plebejus,Agriades
Megisto rubricata,Nymphalidae,Cissia rubricata smithorum,Megisto,Cissia
Cogia hippalus,Hesperiidae,Cogia outis,Cogia,Cogia
Anthanassa texana,Nymphalidae,Anthanassa texana seminole,Anthanassa,Anthanassa
Speyeria cybele,Nymphalidae,Argynnis cybele pugetensis,Speyeria,Argynnis
Euphydryas chalcedona,Nymphalidae,Euphydryas chalcedona dwinellei,Euphydryas,Euphydryas
Glaucopsyche lygdamus,Lycaenidae,Glaucopsyche lygdamus erico,Glaucopsyche,Glaucopsyche
Coenonympha tullia,Nymphalidae,Coenonympha tullia yukonensis,Coenonympha,Coenonympha
Coenonympha tullia,Nymphalidae,Coenonympha california pseudobrenda,Coenonympha,Coenonympha
Oeneis macounii,Nymphalidae,Oeneis macounii,Oeneis,Oeneis
Boloria freija,Nymphalidae,Boloria freija browni,Boloria,Boloria
Polites sabuleti,Hesperiidae,Polites sabuleti tecumseh,Polites,Polites
Polites sabuleti,Hesperiidae,Polites mardon klamathensis,Polites,Polites
Ochlodes sylvanoides,Hesperiidae,Ochlodes sylvanoides omnigena,Ochlodes,Ochlodes
Speyeria zerene,Nymphalidae,Argynnis zerene malcolmi,Speyeria,Argynnis
Satyrium sylvinus,Lycaenidae,Satyrium sylvinus dryope,Satyrium,Satyrium
Ascia monuste,Pieridae,Ascia monuste phileta,Ascia,Ascia
Speyeria callippe,Nymphalidae,Argynnis callippe calgariana,Speyeria,Argynnis
Erynnis persius,Hesperiidae,Erynnis persius borealis,Erynnis,Erynnis
Euphilotes battoides,Lycaenidae,Euphilotes battoides allyni,Euphilotes,Euphilotes
Glaucopsyche lygdamus,Lycaenidae,Glaucopsyche lygdamus oro,Glaucopsyche,Glaucopsyche
Cercyonis pegala,Nymphalidae,Cercyonis pegala boopis,Cercyonis,Cercyonis
Euphydryas editha,Nymphalidae,Euphydryas editha quino,Euphydryas,Euphydryas
Erynnis persius,Hesperiidae,Erynnis persius fredericki,Erynnis,Erynnis
Hylephila phyleus,Hesperiidae,Hylephila phyleus phyleus,Hylephila,Hylephila
Papilio indra,Papilionidae,Papilio indra pergamus,Papilio,Papilio
Euphydryas anicia,Nymphalidae,Euphydryas anicia bernadetta,Euphydryas,Euphydryas
Papilio multicaudata,Papilionidae,Papilio multicaudata multicaudata,Papilio,Papilio
Callophrys irus,Lycaenidae,Callophrys irus hadros,Callophrys,Callophrys
Papilio machaon,Papilionidae,Papilio machaon aliaska,Papilio,Papilio
Plebejus icarioides,Lycaenidae,Icaricia icarioides austinorum,Plebejus,Icaricia
Coenonympha tullia,Nymphalidae,Coenonympha california ochracea,Coenonympha,Coenonympha
Echinargus isola,Lycaenidae,Hemiargus ceraunus gyas,Echinargus,Hemiargus
Chlosyne acastus,Nymphalidae,Chlosyne acastus robusta,Chlosyne,Chlosyne
Speyeria callippe,Nymphalidae,Argynnis callippe comstocki,Speyeria,Argynnis
Euphydryas anicia,Nymphalidae,Euphydryas anicia variicolor,Euphydryas,Euphydryas
Hesperia comma,Hesperiidae,Hesperia colorado leussleri,Hesperia,Hesperia
Satyrium favonius,Lycaenidae,Satyrium favonius autolycus,Satyrium,Satyrium
Lycaena phlaeas,Lycaenidae,Lycaena hypophlaeas arctodon,Lycaena,Lycaena
Papilio indra,Papilionidae,Papilio indra minori,Papilio,Papilio
Erebia discoidalis,Nymphalidae,Erebia discoidalis,Erebia,Erebia
Hesperia comma,Hesperiidae,Hesperia comma laurentina,Hesperia,Hesperia
Plebejus lupini,Lycaenidae,Icaricia lupini spangelatus,Plebejus,Icaricia
Limenitis weidemeyerii,Nymphalidae,Limenitis weidemeyerii oberfoelli,Limenitis,Limenitis
Colias philodice,Pieridae,Colias philodice eriphyle,Colias,Colias
Danaus plexippus,Nymphalidae,Danaus plexippus plexippus,Danaus,Danaus
Chlosyne acastus,Nymphalidae,Chlosyne acastus sterope,Chlosyne,Chlosyne
Euphydryas anicia,Nymphalidae,Euphydryas anicia wecoeut,Euphydryas,Euphydryas
Cercyonis oetus,Nymphalidae,Cercyonis oetus charon,Cercyonis,Cercyonis
Phyciodes batesii,Nymphalidae,Phyciodes batesii,Phyciodes,Phyciodes
Euphydryas phaeton,Nymphalidae,Euphydryas phaeton phaeton,Euphydryas,Euphydryas
Hesperia comma,Hesperiidae,Hesperia comma manitoba,Hesperia,Hesperia
Pyrgus centaureae,Hesperiidae,Pyrgus centaureae loki,Pyrgus,Pyrgus
Erynnis juvenalis,Hesperiidae,Erynnis juvenalis juvenalis,Erynnis,Erynnis
Papilio machaon,Papilionidae,Papilio machaon oregonius,Papilio,Papilio
Speyeria hydaspe,Nymphalidae,Argynnis hydaspe rhodope,Speyeria,Argynnis
Asterocampa leilia,Nymphalidae,Asterocampa celtis antonia,Asterocampa,Asterocampa
Plebejus idas,Lycaenidae,Plebejus idas alaskensis,Plebejus,Plebejus
Apodemia mormo,Riodinidae,Apodemia mormo langei,Apodemia,Apodemia
Megisto cymela,Nymphalidae,Megisto cymela cymela,Megisto,Megisto
Euphydryas editha,Nymphalidae,Euphydryas editha taylori,Euphydryas,Euphydryas
Cercyonis sthenele,Nymphalidae,Cercyonis sthenele paulus,Cercyonis,Cercyonis
Satyrium calanus,Lycaenidae,Satyrium calanus calanus,Satyrium,Satyrium
Anthocharis sara,Pieridae,Anthocharis thoosa colorado,Anthocharis,Anthocharis
Hesperia comma,Hesperiidae,Hesperia colorado mojavensis,Hesperia,Hesperia
Parnassius smintheus,Papilionidae,Parnassius smintheus sayii,Parnassius,Parnassius
Celastrina echo,Lycaenidae,Celastrina echo echo,Celastrina,Celastrina
Boloria chariclea,Nymphalidae,Boloria chariclea rainieri,Boloria,Boloria
Hesperia comma,Hesperiidae,Hesperia colorado tildeni,Hesperia,Hesperia
Callophrys henrici,Lycaenidae,Callophrys henrici viridissima,Callophrys,Callophrys
Speyeria mormonia,Nymphalidae,Argynnis mormonia erinna,Speyeria,Argynnis
Battus philenor,Papilionidae,Battus philenor philenor,Battus,Battus
Chlosyne acastus,Nymphalidae,Chlosyne acastus neumoegeni,Chlosyne,Chlosyne
Limenitis archippus,Nymphalidae,Limenitis archippus archippus,Limenitis,Limenitis
Coenonympha tullia,Nymphalidae,Coenonympha california nipisiquit,Coenonympha,Coenonympha
Speyeria cybele,Nymphalidae,Argynnis cybele charlottii,Speyeria,Argynnis
Poanes viator,Hesperiidae,Poanes viator viator,Poanes,Poanes
Satyrium sylvinus,Lycaenidae,Satyrium sylvinus desertorum,Satyrium,Satyrium
Plebejus icarioides,Lycaenidae,Icaricia icarioides evius,Plebejus,Icaricia
Speyeria zerene,Nymphalidae,Argynnis zerene puntareyes,Speyeria,Argynnis
Pontia occidentalis,Pieridae,Pontia occidentalis occidentalis,Pontia,Pontia
Leptotes cassius,Lycaenidae,Leptotes cassius theonus,Leptotes,Leptotes
Euphydryas chalcedona,Nymphalidae,Euphydryas chalcedona kingstonensis,Euphydryas,Euphydryas
Boloria freija,Nymphalidae,Boloria freija freija,Boloria,Boloria
Erynnis pacuvius,Hesperiidae,Erynnis pacuvius lilius,Erynnis,Erynnis
Lycaena nivalis,Lycaenidae,Tharsalea nivalis bichroma,Lycaena,Tharsalea
Carterocephalus palaemon,Hesperiidae,Carterocephalus mandan mandan,Carterocephalus,Carterocephalus
Limenitis weidemeyerii,Nymphalidae,Limenitis weidemeyerii latifascia,Limenitis,Limenitis
Papilio indra,Papilionidae,Papilio indra fordi,Papilio,Papilio
Cupido comyntas,Lycaenidae,Cupido comyntas sissona,Cupido,Cupido
Celastrina lucia,Lycaenidae,Celastrina lucia lucia,Celastrina,Celastrina
Plebejus icarioides,Lycaenidae,Icaricia icarioides parapheres,Plebejus,Icaricia
Speyeria zerene,Nymphalidae,Argynnis zerene gloriosa,Speyeria,Argynnis
Pieris marginalis,Pieridae,Pieris marginalis macdunnoughii,Pieris,Pieris
Junonia genoveva,Nymphalidae,Junonia neildi varia,Junonia,Junonia
Chlosyne theona,Nymphalidae,Chlosyne theona theona,Chlosyne,Chlosyne
Lycaena editha,Lycaenidae,Tharsalea editha montana,Lycaena,Tharsalea
Speyeria zerene,Nymphalidae,Argynnis zerene hippolyta,Speyeria,Argynnis
Poanes hobomok,Hesperiidae,Lon hobomok wetona,Poanes,Lon
Papilio zelicaon,Papilionidae,Papilio zelicaon nitra,Papilio,Papilio
Boloria frigga,Nymphalidae,Boloria frigga saga,Boloria,Boloria
Speyeria mormonia,Nymphalidae,Argynnis mormonia bischoffii,Speyeria,Argynnis
Megisto rubricata,Nymphalidae,Cissia rubricata cheneyorum,Megisto,Cissia
Oeneis jutta,Nymphalidae,Oeneis jutta alaskensis,Oeneis,Oeneis
Heliopetes laviana,Hesperiidae,Heliopetes laviana laviana,Heliopetes,Heliopetes
Polites sabuleti,Hesperiidae,Polites sabuleti nigrescens,Polites,Polites
Coenonympha tullia,Nymphalidae,Coenonympha california subfusca,Coenonympha,Coenonympha
Euphydryas anicia,Nymphalidae,Euphydryas anicia eurytion,Euphydryas,Euphydryas
Euphydryas editha,Nymphalidae,Euphydryas editha rubicunda,Euphydryas,Euphydryas
Colias palaeno,Pieridae,Colias palaeno,Colias,Colias
Plebejus melissa,Lycaenidae,Plebejus melissa paradoxa,Plebejus,Plebejus
Hesperia comma,Hesperiidae,Hesperia assiniboia,Hesperia,Hesperia
Thorybes pylades,Hesperiidae,Thorybes pylades albosuffusa,Thorybes,Thorybes
Anatrytone logan,Hesperiidae,Anatrytone logan lagus,Anatrytone,Anatrytone
Lycaena dorcas,Lycaenidae,Tharsalea dorcas claytoni,Lycaena,Tharsalea
Euphydryas anicia,Nymphalidae,Euphydryas anicia helvia,Euphydryas,Euphydryas
Boloria eunomia,Nymphalidae,Boloria eunomia denali,Boloria,Boloria
Callophrys gryneus,Lycaenidae,Callophrys gryneus rosneri,Callophrys,Callophrys
Nymphalis l-album,Nymphalidae,Nymphalis l-album j-album,Nymphalis,Nymphalis
Euphydryas chalcedona,Nymphalidae,Euphydryas chalcedona sierra,Euphydryas,Euphydryas
Coenonympha tullia,Nymphalidae,Coenonympha tullia,Coenonympha,Coenonympha
Erynnis tristis,Hesperiidae,Erynnis tristis tristis,Erynnis,Erynnis
Phyciodes pulchella,Nymphalidae,Phyciodes pulchella pulchella,Phyciodes,Phyciodes
Phyciodes batesii,Nymphalidae,Phyciodes batesii anasazi,Phyciodes,Phyciodes
Erynnis pacuvius,Hesperiidae,Erynnis pacuvius pacuvius,Erynnis,Erynnis
Euphydryas editha,Nymphalidae,Euphydryas editha aurilacus,Euphydryas,Euphydryas
Agraulis vanillae,Nymphalidae,Dione vanillae incarnata,Agraulis,Dione
Euphydryas chalcedona,Nymphalidae,Euphydryas chalcedona corralensis,Euphydryas,Euphydryas
Anthanassa texana,Nymphalidae,Anthanassa texana texana,Anthanassa,Anthanassa
Anthocharis sara,Pieridae,Anthocharis thoosa thoosa,Anthocharis,Anthocharis
Euphydryas anicia,Nymphalidae,Euphydryas anicia wheeleri,Euphydryas,Euphydryas
Euphilotes battoides,Lycaenidae,Euphilotes battoides,Euphilotes,Euphilotes
Pieris marginalis,Pieridae,Pieris marginalis marginalis,Pieris,Pieris
Oeneis chryxus,Nymphalidae,Oeneis chryxus chryxus,Oeneis,Oeneis
Papilio indra,Papilionidae,Papilio indra indra,Papilio,Papilio
Colias alexandra,Pieridae,Colias alexandra alexandra,Colias,Colias
Plebejus icarioides,Lycaenidae,Icaricia icarioides montis,Plebejus,Icaricia
Euphydryas editha,Nymphalidae,Euphydryas editha augustina,Euphydryas,Euphydryas
Poanes viator,Hesperiidae,Poanes viator zizaniae,Poanes,Poanes
Pontia sisymbrii,Pieridae,Pontia sisymbrii nigravenosa,Pontia,Pontia
Pieris rapae,Pieridae,Pieris rapae rapae,Pieris,Pieris
Polites origenes,Hesperiidae,Polites origenes origenes,Polites,Polites
Boloria selene,Nymphalidae,Boloria myrina terraenovae,Boloria,Boloria
Eurema mexicana,Pieridae,Abaeis mexicana mexicana,Eurema,Abaeis
Pontia sisymbrii,Pieridae,Pontia sisymbrii elivata,Pontia,Pontia
Cercyonis pegala,Nymphalidae,Cercyonis pegala alope,Cercyonis,Cercyonis
Oeneis bore,Nymphalidae,Oeneis polixenes,Oeneis,Oeneis
Euphydryas chalcedona,Nymphalidae,Euphydryas chalcedona macglashanii,Euphydryas,Euphydryas
Satyrium sylvinus,Lycaenidae,Satyrium sylvinus putnami,Satyrium,Satyrium
Lycaena heteronea,Lycaenidae,Tharsalea heteronea heteronea,Lycaena,Tharsalea
Colias christina,Pieridae,Colias christina krauthii,Colias,Colias
Plebejus icarioides,Lycaenidae,Icaricia icarioides buchholzi,Plebejus,Icaricia
Chlosyne palla,Nymphalidae,Chlosyne palla flavula,Chlosyne,Chlosyne
Chiomara georgina,Hesperiidae,Chiomara georgina georgina,Chiomara,Chiomara
Boloria epithore,Nymphalidae,Boloria epithore chermocki,Boloria,Boloria
Plebejus glandon,Lycaenidae,Agriades glandon punctatus,Plebejus,Agriades
Ochlodes sylvanoides,Hesperiidae,Ochlodes sylvanoides santacruza,Ochlodes,Ochlodes
Papilio multicaudata,Papilionidae,Papilio multicaudata pusillus,Papilio,Papilio
Colias gigantea,Pieridae,Colias gigantea mayi,Colias,Colias
Euphydryas anicia,Nymphalidae,Euphydryas anicia hermosa,Euphydryas,Euphydryas
Aglais milberti,Nymphalidae,Aglais milberti subpallida,Aglais,Aglais
Atrytonopsis hianna,Hesperiidae,Atrytonopsis hianna turneri,Atrytonopsis,Atrytonopsis
Strymon istapa,Lycaenidae,Strymon istapa modesta,Strymon,Strymon
Hesperia colorado,Hesperiidae,Hesperia colorado idaho,Hesperia,Hesperia
Pyrisitia lisa,Pieridae,Pyrisitia lisa centralis,Pyrisitia,Pyrisitia
Glaucopsyche lygdamus,Lycaenidae,Glaucopsyche lygdamus couperi,Glaucopsyche,Glaucopsyche
Euphydryas editha,Nymphalidae,Euphydryas editha luestherae,Euphydryas,Euphydryas
Plebejus lupini,Lycaenidae,Icaricia lupini texanus,Plebejus,Icaricia
Erynnis brizo,Hesperiidae,Erynnis brizo burgessi,Erynnis,Erynnis
Panoquina ocola,Hesperiidae,Panoquina ocola ocola,Panoquina,Panoquina
Papilio brevicauda,Papilionidae,Papilio brevicauda bretonensis,Papilio,Papilio
Pieris marginalis,Pieridae,Pieris marginalis pallidissima,Pieris,Pieris
Phyciodes cocyta,Nymphalidae,Phyciodes cocyta cocyta,Phyciodes,Phyciodes
Papilio glaucus,Papilionidae,Papilio glaucus glaucus,Papilio,Papilio
Callophrys gryneus,Lycaenidae,Callophrys gryneus castalis,Callophrys,Callophrys
Papilio machaon,Papilionidae,Papilio machaon kahli,Papilio,Papilio
Satyrium liparops,Lycaenidae,Satyrium liparops fletcheri,Satyrium,Satyrium
Polites vibex,Hesperiidae,Polites vibex brettoides,Polites,Polites
Phyciodes tharos,Nymphalidae,Phyciodes tharos tharos,Phyciodes,Phyciodes
Lycaena dorcas,Lycaenidae,Tharsalea dorcas arcticus,Lycaena,Tharsalea
Dymasia dymas,Nymphalidae,Dymasia dymas chara,Dymasia,Dymasia
Speyeria zerene,Nymphalidae,Argynnis zerene gunderi,Speyeria,Argynnis
Phyciodes cocyta,Nymphalidae,Phyciodes cocyta selenis,Phyciodes,Phyciodes
Polygonia gracilis,Nymphalidae,Polygonia gracilis gracilis,Polygonia,Polygonia
Eurema daira,Pieridae,Eurema daira sidonia,Eurema,Eurema
Colias christina,Pieridae,Colias christina pseudocolumbiensis,Colias,Colias
Chlosyne palla,Nymphalidae,Chlosyne palla eremita,Chlosyne,Chlosyne
Coenonympha tullia,Nymphalidae,Coenonympha california benjamini,Coenonympha,Coenonympha
Chlosyne nycteis,Nymphalidae,Chlosyne nycteis drusius,Chlosyne,Chlosyne
Asterocampa celtis,Nymphalidae,Asterocampa celtis reinthali,Asterocampa,Asterocampa
Coenonympha tullia,Nymphalidae,Coenonympha california eunomia,Coenonympha,Coenonympha
Erebia epipsodea,Nymphalidae,Erebia epipsodea epipsodea,Erebia,Erebia
Polites sabuleti,Hesperiidae,Polites mardon,Polites,Polites
Texola elada,Nymphalidae,Texola elada ulrica,Texola,Texola
Aglais io,Nymphalidae,Aglais io,Aglais,Aglais
Callophrys eryphon,Lycaenidae,Callophrys eryphon eryphon,Callophrys,Callophrys
Boloria chariclea,Nymphalidae,Boloria chariclea helena,Boloria,Boloria
Chlosyne lacinia,Nymphalidae,Chlosyne lacinia crocale,Chlosyne,Chlosyne
Euchloe ausonides,Pieridae,Euchloe ausonides mayi,Euchloe,Euchloe
Satyrium liparops,Lycaenidae,Satyrium liparops floridensis,Satyrium,Satyrium
Euphilotes battoides,Lycaenidae,Euphilotes centralis,Euphilotes,Euphilotes
Oeneis bore,Nymphalidae,Oeneis polixenes polixenes,Oeneis,Oeneis
Carterocephalus palaemon,Hesperiidae,Carterocephalus skada skada,Carterocephalus,Carterocephalus
Cercyonis pegala,Nymphalidae,Cercyonis pegala paludum,Cercyonis,Cercyonis
Strymon melinus,Lycaenidae,Strymon melinus atrofasciata,Strymon,Strymon
Polites sabuleti,Hesperiidae,Polites sabuleti channelensis,Polites,Polites
Polites mystic,Hesperiidae,Polites sonora utahensis,Polites,Polites
Coenonympha tullia,Nymphalidae,Coenonympha california columbiana,Coenonympha,Coenonympha
Satyrium behrii,Lycaenidae,Satyrium behrii behrii,Satyrium,Satyrium
Glaucopsyche lygdamus,Lycaenidae,Glaucopsyche lygdamus palosverdesensis,Glaucopsyche,Glaucopsyche
Papilio indra,Papilionidae,Papilio indra shastensis,Papilio,Papilio
Callophrys sheridanii,Lycaenidae,Callophrys sheridanii neoperplexa,Callophrys,Callophrys
Speyeria callippe,Nymphalidae,Argynnis callippe nevadensis,Speyeria,Argynnis
Lycaena phlaeas,Lycaenidae,Lycaena hypophlaeas arethusa,Lycaena,Lycaena
Epargyreus clarus,Hesperiidae,Epargyreus clarus huachuca,Epargyreus,Epargyreus
Pontia occidentalis,Pieridae,Pontia occidentalis nelsoni,Pontia,Pontia
Glaucopsyche lygdamus,Lycaenidae,Glaucopsyche lygdamus australis,Glaucopsyche,Glaucopsyche
Erebia epipsodea,Nymphalidae,Erebia epipsodea remingtoni,Erebia,Erebia
Coenonympha tullia,Nymphalidae,Coenonympha california insulana,Coenonympha,Coenonympha
Euphyes vestris,Hesperiidae,Euphyes vestris vestris,Euphyes,Euphyes
Cupido comyntas,Lycaenidae,Cupido comyntas comyntas,Cupido,Cupido
Euphyes vestris,Hesperiidae,Euphyes vestris metacomet,Euphyes,Euphyes
Speyeria callippe,Nymphalidae,Argynnis callippe harmonia,Speyeria,Argynnis
Lycaena nivalis,Lycaenidae,Tharsalea nivalis browni,Lycaena,Tharsalea
Cercyonis sthenele,Nymphalidae,Cercyonis sthenele masoni,Cercyonis,Cercyonis
Neophasia menapia,Pieridae,Neophasia menapia magnamenapia,Neophasia,Neophasia
Anartia jatrophae,Nymphalidae,Anartia jatrophae guantanamo,Anartia,Anartia
Erynnis brizo,Hesperiidae,Erynnis brizo somnus,Erynnis,Erynnis
Brephidium exilis,Lycaenidae,Brephidium exilis exilis,Brephidium,Brephidium
Polygonia oreas,Nymphalidae,Polygonia oreas threatfuli,Polygonia,Polygonia
Phyciodes pulchella,Nymphalidae,Phyciodes pulchella tutchone,Phyciodes,Phyciodes
Callophrys sheridanii,Lycaenidae,Callophrys sheridanii comstocki,Callophrys,Callophrys
Pyrisitia lisa,Pieridae,Pyrisitia lisa lisa,Pyrisitia,Pyrisitia
Oeneis jutta,Nymphalidae,Oeneis jutta balderi,Oeneis,Oeneis
Papilio machaon,Papilionidae,Papilio machaon pikei,Papilio,Papilio
Chlosyne theona,Nymphalidae,Chlosyne theona thekla,Chlosyne,Chlosyne
Satyrium calanus,Lycaenidae,Satyrium calanus falacer,Satyrium,Satyrium
Battus polydamas,Papilionidae,Battus polydamas lucayus,Battus,Battus
Pontia sisymbrii,Pieridae,Pontia sisymbrii beringiensis,Pontia,Pontia
Boloria chariclea,Nymphalidae,Boloria chariclea ingens,Boloria,Boloria
Plebejus lupini,Lycaenidae,Icaricia lupini chlorina,Plebejus,Icaricia
Strymon melinus,Lycaenidae,Strymon melinus franki,Strymon,Strymon
Plebejus melissa,Lycaenidae,Plebejus melissa melissa,Plebejus,Plebejus
Plebejus saepiolus,Lycaenidae,Icaricia saepiolus whitmeri,Plebejus,Icaricia
Chlosyne acastus,Nymphalidae,Chlosyne acastus sabina,Chlosyne,Chlosyne
Papilio machaon,Papilionidae,Papilio machaon dodi,Papilio,Papilio
Euptoieta hegesia,Nymphalidae,Euptoieta hegesia meridiania,Euptoieta,Euptoieta
Nathalis iole,Pieridae,Nathalis iole iole,Nathalis,Nathalis
Strymon istapa,Lycaenidae,Strymon istapa istapa,Strymon,Strymon
Euphydryas anicia,Nymphalidae,Euphydryas anicia capella,Euphydryas,Euphydryas
Poanes melane,Hesperiidae,Lon melane vitellina,Poanes,Lon
Euphydryas anicia,Nymphalidae,Euphydryas anicia hopfingeri,Euphydryas,Euphydryas
Phyciodes tharos,Nymphalidae,Phyciodes tharos riocolorado,Phyciodes,Phyciodes
Polites themistocles,Hesperiidae,Polites themistocles themistocles,Polites,Polites
Parnassius smintheus,Papilionidae,Parnassius smintheus smintheus,Parnassius,Parnassius
Boloria epithore,Nymphalidae,Boloria epithore sierra,Boloria,Boloria
Speyeria zerene,Nymphalidae,Argynnis zerene sinope,Speyeria,Argynnis
Colias christina,Pieridae,Colias occidentalis pseudochristina,Colias,Colias
Chlosyne theona,Nymphalidae,Chlosyne chinatiensis,Chlosyne,Chlosyne
Hesperia leonardus,Hesperiidae,Hesperia leonardus leonardus,Hesperia,Hesperia
Neophasia menapia,Pieridae,Neophasia menapia menapia,Neophasia,Neophasia
Erynnis brizo,Hesperiidae,Erynnis brizo lacustra,Erynnis,Erynnis
Plebejus lupini,Lycaenidae,Icaricia lupini lutzi,Plebejus,Icaricia
Lycaena dorcas,Lycaenidae,Tharsalea dorcas sangremar,Lycaena,Tharsalea
Colias christina,Pieridae,Colias christina kluanensis,Colias,Colias
Asterocampa clyton,Nymphalidae,Asterocampa clyton flora,Asterocampa,Asterocampa
Strymon melinus,Lycaenidae,Strymon melinus setonia,Strymon,Strymon
Boloria selene,Nymphalidae,Boloria myrina sabulocollis,Boloria,Boloria
Polygonia satyrus,Nymphalidae,Polygonia satyrus satyrus,Polygonia,Polygonia
Euphydryas anicia,Nymphalidae,Euphydryas anicia alena,Euphydryas,Euphydryas
Cercyonis pegala,Nymphalidae,Cercyonis pegala ariane,Cercyonis,Cercyonis
Ochlodes sylvanoides,Hesperiidae,Ochlodes sylvanoides napa,Ochlodes,Ochlodes
Lycaena editha,Lycaenidae,Tharsalea editha vurali,Lycaena,Tharsalea
Parnassius clodius,Papilionidae,Parnassius clodius baldur,Parnassius,Parnassius
Boloria eunomia,Nymphalidae,Boloria eunomia ursadentis,Boloria,Boloria
Heliconius charithonia,Nymphalidae,Heliconius charithonia tuckeri,Heliconius,Heliconius
Parnassius smintheus,Papilionidae,Parnassius smintheus magnus,Parnassius,Parnassius
Speyeria callippe,Nymphalidae,Argynnis callippe chilcotinensis,Speyeria,Argynnis
Euphydryas phaeton,Nymphalidae,Euphydryas phaeton ozarkae,Euphydryas,Euphydryas
Atrytonopsis hianna,Hesperiidae,Atrytonopsis hianna hianna,Atrytonopsis,Atrytonopsis
Oeneis jutta,Nymphalidae,Oeneis jutta ascerta,Oeneis,Oeneis
Speyeria callippe,Nymphalidae,Argynnis callippe elaine,Speyeria,Argynnis
Plebejus saepiolus,Lycaenidae,Icaricia saepiolus gertschi,Plebejus,Icaricia
Colias alexandra,Pieridae,Colias alexandra altamont,Colias,Colias
Boloria chariclea,Nymphalidae,Boloria chariclea arctica,Boloria,Boloria
Parnassius smintheus,Papilionidae,Parnassius behrii,Parnassius,Parnassius
Strymon melinus,Lycaenidae,Strymon melinus pudica,Strymon,Strymon
Chlosyne lacinia,Nymphalidae,Chlosyne lacinia adjutrix,Chlosyne,Chlosyne
Callophrys polios,Lycaenidae,Callophrys polios polios,Callophrys,Callophrys
Colias alexandra,Pieridae,Colias alexandra edwardsii,Colias,Colias
Euphydryas anicia,Nymphalidae,Euphydryas anicia carmentis,Euphydryas,Euphydryas
Satyrium californica,Lycaenidae,Satyrium californica obscurafacies,Satyrium,Satyrium
Callophrys irus,Lycaenidae,Callophrys irus arsace,Callophrys,Callophrys
Plebejus glandon,Lycaenidae,Agriades glandon cassiope,Plebejus,Agriades
Speyeria cybele,Nymphalidae,Argynnis cybele carpenterii,Speyeria,Argynnis
Cupido comyntas,Lycaenidae,Cupido comyntas texana,Cupido,Cupido
Cercyonis oetus,Nymphalidae,Cercyonis oetus oetus,Cercyonis,Cercyonis
Poanes hobomok,Hesperiidae,Lon hobomok hobomok,Poanes,Lon
Erynnis juvenalis,Hesperiidae,Erynnis juvenalis clitus,Erynnis,Erynnis
Oeneis chryxus,Nymphalidae,Oeneis chryxus caryi,Oeneis,Oeneis
Pyrisitia nise,Pieridae,Pyrisitia nise nelphe,Pyrisitia,Pyrisitia
Callophrys henrici,Lycaenidae,Callophrys henrici solatus,Callophrys,Callophrys
Colias alexandra,Pieridae,Colias alexandra apache,Colias,Colias
Callophrys augustinus,Lycaenidae,Callophrys augustinus concava,Callophrys,Callophrys
Chlosyne gorgone,Nymphalidae,Chlosyne gorgone carlota,Chlosyne,Chlosyne
Plebejus icarioides,Lycaenidae,Icaricia icarioides albihalos,Plebejus,Icaricia
Coenonympha tullia,Nymphalidae,Coenonympha california mono,Coenonympha,Coenonympha
Ochlodes sylvanoides,Hesperiidae,Ochlodes sylvanoides sylvanoides,Ochlodes,Ochlodes
Dymasia dymas,Nymphalidae,Dymasia dymas imperialis,Dymasia,Dymasia
Plebejus icarioides,Lycaenidae,Icaricia icarioides blackmorei,Plebejus,Icaricia
Satyrium titus,Lycaenidae,Satyrium titus immaculosus,Satyrium,Satyrium
Phyciodes phaon,Nymphalidae,Phyciodes phaon phaon,Phyciodes,Phyciodes
Plebejus glandon,Lycaenidae,Agriades glandon megalo,Plebejus,Agriades
Chlorostrymon simaethis,Lycaenidae,Chlorostrymon simaethis sarita,Chlorostrymon,Chlorostrymon
Polites vibex,Hesperiidae,Polites vibex vibex,Polites,Polites
Callophrys augustinus,Lycaenidae,Callophrys augustinus annetteae,Callophrys,Callophrys
Speyeria zerene,Nymphalidae,Argynnis zerene myrtleae,Speyeria,Argynnis
Anatrytone logan,Hesperiidae,Anatrytone logan logan,Anatrytone,Anatrytone
Ascia monuste,Pieridae,Ascia monuste monuste,Ascia,Ascia
Lycaena phlaeas,Lycaenidae,Lycaena hypophlaeas feildeni,Lycaena,Lycaena
Oeneis chryxus,Nymphalidae,Oeneis chryxus strigulosa,Oeneis,Oeneis
Phoebis agarithe,Pieridae,Phoebis agarithe maxima,Phoebis,Phoebis
Libytheana carinenta,Nymphalidae,Libytheana carinenta bachmanii,Libytheana,Libytheana
Euphilotes battoides,Lycaenidae,Euphilotes bernardino martini,Euphilotes,Euphilotes
Boloria selene,Nymphalidae,Boloria myrina myrina,Boloria,Boloria
Boloria selene,Nymphalidae,Boloria myrina tollandensis,Boloria,Boloria
Plebejus icarioides,Lycaenidae,Icaricia icarioides moroensis,Plebejus,Icaricia
Nymphalis antiopa,Nymphalidae,Nymphalis antiopa antiopa,Nymphalis,Nymphalis
Lycaena epixanthe,Lycaenidae,Tharsalea epixanthe phaedra,Lycaena,Tharsalea
Euphydryas editha,Nymphalidae,Euphydryas editha mattooni,Euphydryas,Euphydryas
Lycaena mariposa,Lycaenidae,Tharsalea mariposa penroseae,Lycaena,Tharsalea
Speyeria callippe,Nymphalidae,Argynnis callippe semivirida,Speyeria,Argynnis
Parnassius smintheus,Papilionidae,Parnassius smintheus yukonensis,Parnassius,Parnassius
Euchloe ausonides,Pieridae,Euchloe ausonides insulanus,Euchloe,Euchloe
Speyeria callippe,Nymphalidae,Argynnis callippe liliana,Speyeria,Argynnis
Lycaena phlaeas,Lycaenidae,Lycaena hypophlaeas shields,Lycaena,Lycaena
Euchloe ausonides,Pieridae,Euchloe ausonides transmontana,Euchloe,Euchloe
Anartia jatrophae,Nymphalidae,Anartia jatrophae luteipicta,Anartia,Anartia
Speyeria cybele,Nymphalidae,Argynnis cybele eileenae,Speyeria,Argynnis
Euphilotes battoides,Lycaenidae,Euphilotes glaucon oregonensis,Euphilotes,Euphilotes
Lycaena heteronea,Lycaenidae,Tharsalea heteronea gravenotata,Lycaena,Tharsalea
Chlosyne theona,Nymphalidae,Chlosyne theona bollii,Chlosyne,Chlosyne
Limenitis weidemeyerii,Nymphalidae,Limenitis weidemeyerii angustifascia,Limenitis,Limenitis
Lycaena nivalis,Lycaenidae,Tharsalea nivalis warnermontana,Lycaena,Tharsalea
Thorybes pylades,Hesperiidae,Thorybes pylades pylades,Thorybes,Thorybes
Cercyonis pegala,Nymphalidae,Cercyonis pegala utahensis,Cercyonis,Cercyonis
Coenonympha tullia,Nymphalidae,Coenonympha tullia kodiak,Coenonympha,Coenonympha
Polites sabuleti,Hesperiidae,Polites sabuleti sabuleti,Polites,Polites
Oeneis bore,Nymphalidae,Oeneis bore hanburyi,Oeneis,Oeneis
Carterocephalus palaemon,Hesperiidae,Carterocephalus skada magnus,Carterocephalus,Carterocephalus
Polites sabuleti,Hesperiidae,Polites sabuleti alkaliensis,Polites,Polites
Apodemia mormo,Riodinidae,Apodemia mormo parva,Apodemia,Apodemia
Cercyonis pegala,Nymphalidae,Cercyonis pegala pluvialis,Cercyonis,Cercyonis
Atlides halesus,Lycaenidae,Atlides halesus halesus,Atlides,Atlides
Euphydryas anicia,Nymphalidae,Euphydryas anicia veazieae,Euphydryas,Euphydryas
Anthocharis sara,Pieridae,Anthocharis sara pseudothoosa,Anthocharis,Anthocharis
Euchloe ausonides,Pieridae,Euchloe ausonides ogilvia,Euchloe,Euchloe
Euphydryas anicia,Nymphalidae,Euphydryas anicia windi,Euphydryas,Euphydryas
Chlosyne harrisii,Nymphalidae,Chlosyne harrisii hanhami,Chlosyne,Chlosyne
Euphydryas editha,Nymphalidae,Euphydryas editha bingi,Euphydryas,Euphydryas
Zerene cesonia,Pieridae,Zerene cesonia cesonia,Zerene,Zerene
Speyeria aphrodite,Nymphalidae,Argynnis aphrodite ethne,Speyeria,Argynnis
Euphydryas editha,Nymphalidae,Euphydryas editha nubigena,Euphydryas,Euphydryas
Plebejus lupini,Lycaenidae,Icaricia lupini alpicola,Plebejus,Icaricia
Parnassius smintheus,Papilionidae,Parnassius smintheus olympiannus,Parnassius,Parnassius
Cyllopsis gemma,Nymphalidae,Cyllopsis gemma freemani,Cyllopsis,Cyllopsis
Boloria bellona,Nymphalidae,Boloria bellona toddi,Boloria,Boloria
Polygonia faunus,Nymphalidae,Polygonia faunus hylas,Polygonia,Polygonia
Callophrys sheridanii,Lycaenidae,Callophrys sheridanii paradoxa,Callophrys,Callophrys
Aglais milberti,Nymphalidae,Aglais milberti milberti,Aglais,Aglais
Cyllopsis gemma,Nymphalidae,Cyllopsis gemma gemma,Cyllopsis,Cyllopsis
Pontia sisymbrii,Pieridae,Pontia sisymbrii transversa,Pontia,Pontia
Euphydryas anicia,Nymphalidae,Euphydryas anicia magdalena,Euphydryas,Euphydryas
Oeneis bore,Nymphalidae,Oeneis bore mckinleyensis,Oeneis,Oeneis
Speyeria callippe,Nymphalidae,Argynnis callippe hagemani,Speyeria,Argynnis
Plebejus icarioides,Lycaenidae,Icaricia icarioides fulla,Plebejus,Icaricia
Callophrys gryneus,Lycaenidae,Callophrys gryneus juniperaria,Callophrys,Callophrys
Boloria frigga,Nymphalidae,Boloria frigga gibsoni,Boloria,Boloria
Euphilotes battoides,Lycaenidae,Euphilotes glaucon comstocki,Euphilotes,Euphilotes
Ochlodes sylvanoides,Hesperiidae,Ochlodes yuma anasazi,Ochlodes,Ochlodes
Glaucopsyche lygdamus,Lycaenidae,Glaucopsyche lygdamus arizonensis,Glaucopsyche,Glaucopsyche
Strymon istapa,Lycaenidae,Strymon istapa clenchi,Strymon,Strymon
Glaucopsyche lygdamus,Lycaenidae,Glaucopsyche lygdamus incognitus,Glaucopsyche,Glaucopsyche
Heliopetes macaira,Hesperiidae,Heliopetes macaira macaira,Heliopetes,Heliopetes
Boloria eunomia,Nymphalidae,Boloria eunomia dawsoni,Boloria,Boloria
Glaucopsyche lygdamus,Lycaenidae,Glaucopsyche lygdamus nittanyensis,Glaucopsyche,Glaucopsyche
Hemiargus ceraunus,Lycaenidae,Hemiargus ceraunus antibubastus,Hemiargus,Hemiargus
Apodemia mormo,Riodinidae,Apodemia mormo tuolumnensis,Apodemia,Apodemia
Euphydryas anicia,Nymphalidae,Euphydryas anicia cloudcrofti,Euphydryas,Euphydryas
Glaucopsyche lygdamus,Lycaenidae,Glaucopsyche lygdamus minipunctum,Glaucopsyche,Glaucopsyche
Polygonia faunus,Nymphalidae,Polygonia faunus arcticus,Polygonia,Polygonia
Cercyonis pegala,Nymphalidae,Cercyonis pegala incana,Cercyonis,Cercyonis
Danaus eresimus,Nymphalidae,Danaus eresimus montezuma,Danaus,Danaus
Callophrys eryphon,Lycaenidae,Callophrys eryphon sheltonensis,Callophrys,Callophrys
Oeneis bore,Nymphalidae,Oeneis bore edwardsi,Oeneis,Oeneis
Anthocharis sara,Pieridae,Anthocharis sara gunderi,Anthocharis,Anthocharis
Papilio glaucus,Papilionidae,Papilio glaucus maynardi,Papilio,Papilio
Erynnis tristis,Hesperiidae,Erynnis tristis tatius,Erynnis,Erynnis
Speyeria zerene,Nymphalidae,Argynnis zerene sonomensis,Speyeria,Argynnis
Satyrium californica,Lycaenidae,Satyrium californica cygnus,Satyrium,Satyrium
Oeneis jutta,Nymphalidae,Oeneis jutta leussleri,Oeneis,Oeneis
Cercyonis pegala,Nymphalidae,Cercyonis pegala nephele,Cercyonis,Cercyonis
Coenonympha tullia,Nymphalidae,Coenonympha california furcae,Coenonympha,Coenonympha
Speyeria aphrodite,Nymphalidae,Argynnis aphrodite whitehousei,Speyeria,Argynnis
Celastrina lucia,Lycaenidae,Celastrina lucia lumarco,Celastrina,Celastrina
Celastrina echo,Lycaenidae,Celastrina echo nigrescens,Celastrina,Celastrina
Polygonia oreas,Nymphalidae,Polygonia oreas silenus,Polygonia,Polygonia
Callophrys henrici,Lycaenidae,Callophrys henrici yahwehus,Callophrys,Callophrys
Coenonympha tullia,Nymphalidae,Coenonympha california eryngii,Coenonympha,Coenonympha
Battus polydamas,Papilionidae,Battus polydamas polydamas,Battus,Battus
Boloria eunomia,Nymphalidae,Boloria eunomia nichollae,Boloria,Boloria
Plebejus icarioides,Lycaenidae,Icaricia icarioides pardalis,Plebejus,Icaricia
Oeneis bore,Nymphalidae,Oeneis bore taygete,Oeneis,Oeneis
Oeneis chryxus,Nymphalidae,Oeneis chryxus ivallda,Oeneis,Oeneis
Oarisma garita,Hesperiidae,Oarisma garita garita,Oarisma,Oarisma
Plebejus saepiolus,Lycaenidae,Icaricia saepiolus littoralis,Plebejus,Icaricia
Coenonympha tullia,Nymphalidae,Coenonympha california elko,Coenonympha,Coenonympha
Parnassius clodius,Papilionidae,Parnassius clodius altaurus,Parnassius,Parnassius
Agraulis vanillae,Nymphalidae,Dione vanillae nigrior,Agraulis,Dione
Hesperia comma,Hesperiidae,Hesperia comma borealis,Hesperia,Hesperia
Callophrys sheridanii,Lycaenidae,Callophrys sheridanii sheridanii,Callophrys,Callophrys
Polites origenes,Hesperiidae,Polites origenes rhena,Polites,Polites
Papilio indra,Papilionidae,Papilio indra kaibabensis,Papilio,Papilio
Epargyreus clarus,Hesperiidae,Epargyreus clarus californicus,Epargyreus,Epargyreus
Euphydryas editha,Nymphalidae,Euphydryas editha tahoensis,Euphydryas,Euphydryas
Lerodea eufala,Hesperiidae,Lerodea eufala eufala,Lerodea,Lerodea
Plebejus lupini,Lycaenidae,Icaricia lupini lupini,Plebejus,Icaricia
Pieris marginalis,Pieridae,Pieris marginalis tremblayi,Pieris,Pieris
Coenonympha tullia,Nymphalidae,Coenonympha california mcisaaci,Coenonympha,Coenonympha
Papilio glaucus,Papilionidae,Papilio alexiares garcia,Papilio,Papilio
Speyeria aphrodite,Nymphalidae,Argynnis aphrodite alcestis,Speyeria,Argynnis
Polygonia oreas,Nymphalidae,Polygonia oreas nigrozephyrus,Polygonia,Polygonia
Poanes melane,Hesperiidae,Lon melane melane,Poanes,Lon
Limenitis archippus,Nymphalidae,Limenitis archippus lahontani,Limenitis,Limenitis
Papilio indra,Papilionidae,Papilio indra phyllisae,Papilio,Papilio
Neophasia menapia,Pieridae,Neophasia menapia tau,Neophasia,Neophasia
Polygonia faunus,Nymphalidae,Polygonia faunus faunus,Polygonia,Polygonia
Eurema daira,Pieridae,Euremia daira daira,Eurema,Euremia
Plebejus icarioides,Lycaenidae,Icaricia icarioides pembina,Plebejus,Icaricia
Callophrys polios,Lycaenidae,Callophrys polios maritima,Callophrys,Callophrys
Aglais io,Nymphalidae,Aglais io io,Aglais,Aglais
Lethe eurydice,Nymphalidae,Lethe appalachia appalachia,Lethe,Lethe
Chlosyne lacinia,Nymphalidae,Chlosyne lacinia lacinia,Chlosyne,Chlosyne
Chlosyne acastus,Nymphalidae,Chlosyne acastus acastus,Chlosyne,Chlosyne
Ochlodes sylvanoides,Hesperiidae,Ochlodes yuma scudderi,Ochlodes,Ochlodes
Limenitis lorquini,Nymphalidae,Limenitis lorquini burrisoni,Limenitis,Limenitis
Anthocharis midea,Pieridae,Anthocharis midea annickae,Anthocharis,Anthocharis
Callophrys polios,Lycaenidae,Callophrys polios obscurus,Callophrys,Callophrys
Euphilotes battoides,Lycaenidae,Euphilotes centralis centralis,Euphilotes,Euphilotes
Boloria frigga,Nymphalidae,Boloria frigga sagata,Boloria,Boloria
Phyciodes batesii,Nymphalidae,Phyciodes batesii maconensis,Phyciodes,Phyciodes
Ochlodes sylvanoides,Hesperiidae,Ochlodes sylvanoides catalina,Ochlodes,Ochlodes
Erynnis brizo,Hesperiidae,Erynnis pacuvius callidus,Erynnis,Erynnis
Polites sabuleti,Hesperiidae,Polites sabuleti chusca,Polites,Polites
Phoebis agarithe,Pieridae,Phoebis agarithe agarithe,Phoebis,Phoebis
Colias palaeno,Pieridae,Colias palaeno baffinensis,Colias,Colias
Papilio brevicauda,Papilionidae,Papilio brevicauda gaspeensis,Papilio,Papilio
Euphyes vestris,Hesperiidae,Euphyes vestris harbisoni,Euphyes,Euphyes
Coenonympha tullia,Nymphalidae,Coenonympha california mackenziei,Coenonympha,Coenonympha
Callophrys irus,Lycaenidae,Callophrys irus irus,Callophrys,Callophrys
Satyrium edwardsii,Lycaenidae,Satyrium edwardsii edwardsii,Satyrium,Satyrium
Strymon melinus,Lycaenidae,Strymon melinus humuli,Strymon,Strymon
Speyeria hydaspe,Nymphalidae,Argynnis hydaspe davisi,Speyeria,Argynnis
Euphydryas anicia,Nymphalidae,Euphydryas anicia maria,Euphydryas,Euphydryas
Limenitis weidemeyerii,Nymphalidae,Limenitis weidemeyerii weidemeyerii,Limenitis,Limenitis
Pieris marginalis,Pieridae,Pieris marginalis reicheli,Pieris,Pieris
Speyeria cybele,Nymphalidae,Argynnis cybele novascotiae,Speyeria,Argynnis
Urbanus dorantes,Hesperiidae,Thorybes dorantes dorantes,Urbanus,Thorybes
Plebejus saepiolus,Lycaenidae,Icaricia saepiolus albomontanus,Plebejus,Icaricia
Atalopedes campestris,Hesperiidae,Atalopedes campestris campestris,Atalopedes,Atalopedes
Speyeria mormonia,Nymphalidae,Argynnis mormonia luski,Speyeria,Argynnis
Colias christina,Pieridae,Colias christina columbiensis,Colias,Colias
Speyeria mormonia,Nymphalidae,Argynnis mormonia mormonia,Speyeria,Argynnis
Satyrium titus,Lycaenidae,Satyrium titus winteri,Satyrium,Satyrium
Polygonia faunus,Nymphalidae,Polygonia faunus smythi,Polygonia,Polygonia
Callophrys henrici,Lycaenidae,Callophrys henrici margaretae,Callophrys,Callophrys
Pyrgus centaureae,Hesperiidae,Pyrgus centaureae wyandot,Pyrgus,Pyrgus
Satyrium behrii,Lycaenidae,Satyrium behrii columbia,Satyrium,Satyrium
Plebejus saepiolus,Lycaenidae,Icaricia saepiolus hilda,Plebejus,Icaricia
Pieris marginalis,Pieridae,Pieris marginalis sequoia,Pieris,Pieris
Caria ino,Riodinidae,Caria ino melicerta,Caria,Caria
Cercyonis pegala,Nymphalidae,Cercyonis pegala gabbii,Cercyonis,Cercyonis
Cercyonis pegala,Nymphalidae,Cercyonis pegala pegala,Cercyonis,Cercyonis
Euphydryas editha,Nymphalidae,Euphydryas editha colonia,Euphydryas,Euphydryas
Boloria selene,Nymphalidae,Boloria myrina atrocostalis,Boloria,Boloria
Speyeria callippe,Nymphalidae,Argynnis callippe gallatini,Speyeria,Argynnis
Pyrgus ruralis,Hesperiidae,Pyrgus ruralis ruralis,Pyrgus,Pyrgus
Cercyonis pegala,Nymphalidae,Cercyonis pegala texana,Cercyonis,Cercyonis
Chlosyne acastus,Nymphalidae,Chlosyne acastus arkanyon,Chlosyne,Chlosyne
Polygonia faunus,Nymphalidae,Polygonia faunus rusticus,Polygonia,Polygonia
Erynnis persius,Hesperiidae,Erynnis persius avinoffi,Erynnis,Erynnis
Plebejus idas,Lycaenidae,Plebejus idas longinus,Plebejus,Plebejus
Plebejus icarioides,Lycaenidae,Icaricia icarioides icarioides,Plebejus,Icaricia
Papilio brevicauda,Papilionidae,Papilio brevicauda brevicauda,Papilio,Papilio
